bat_landing_to_food,seconds_after_rat_arrival,hours_after_sunset_d1,risk,season,bat_landing_number,rat_arrival_number,food_availability,rat_minutes,y_actual,y_pred,residual
15.0,88.0,4.684444444,1.0,0,53,1,2.561403509,4.866666667,15.0,6.638989575059864,8.361010424940137
6.0,113.0,4.691388889,0.0,0,53,1,2.561403509,4.866666667,6.0,2.928206153599279,3.071793846400721
3.0,121.0,4.693611111,0.0,0,53,1,2.561403509,4.866666667,3.0,2.935342300266215,0.0646576997337851
5.0,128.0,4.695555556,0.0,0,53,1,2.561403509,4.866666667,5.0,2.9415864286711986,2.0584135713288014
6.0,153.0,4.7025,0.0,0,53,1,2.561403509,4.866666667,6.0,2.963886887029179,3.036113112970821
10.0,208.0,4.717777778,1.0,0,53,1,2.561403509,4.866666667,10.0,6.746031775444783,3.2539682245552166
1.0,216.0,4.72,1.0,0,53,1,2.561403509,4.866666667,1.0,6.753167922111719,-5.753167922111719
2.0,107.0,11.26277778,0.0,0,5,1,0.971774194,16.01666667,2.0,1.6805767460319234,0.3194232539680766
2.0,358.0,11.3325,0.0,0,5,1,0.971774194,16.01666667,2.0,1.9044733481593326,0.09552665184066744
2.0,40.0,2.876111111,1.0,0,23,1,3.543859649,8.1,2.0,6.4400073130736875,-4.4400073130736875
1.0,14.0,2.868888889,0.0,0,23,1,3.543859649,8.1,1.0,2.6837309564447507,-1.6837309564447507
26.0,68.0,2.883888889,1.0,0,23,1,3.543859649,8.1,26.0,6.464983826503183,19.535016173496818
5.0,521.0,3.009722222,1.0,0,23,1,3.07696661,2.5,5.0,7.546379974016725,-2.546379974016725
15.0,564.0,3.021666667,1.0,0,23,1,3.07696661,2.5,15.0,7.58473676251814,7.41526323748186
24.0,607.0,3.033611111,1.0,0,23,1,3.07696661,2.5,24.0,7.623093550924336,16.376906449075662
16.0,108.0,1.870833333,1.0,0,36,1,4.0,3.283333333,16.0,7.182462829074524,8.817537170925476
4.0,41.0,3.1075,0.0,0,37,1,3.067911715,5.0,4.0,2.9521684098738286,1.0478315901261714
0.074015603,17.0,3.100833333,0.0,0,37,1,3.067911715,5.0,0.074015603,2.930759969777801,-2.856744366777801
10.0,111.0,3.126944444,1.0,0,37,1,3.067911715,5.0,10.0,6.747693573266133,3.252306426733867
24.0,215.0,3.155833333,1.0,0,37,1,3.067911715,5.0,24.0,6.840463480221961,17.15953651977804
15.0,194.0,3.15,1.0,0,37,1,3.067911715,5.0,15.0,6.821731095197448,8.178268904802552
13.0,253.0,3.166388889,1.0,0,37,1,3.067911715,5.0,13.0,6.874360177032736,6.125639822967264
2.0,115.0,9.108333333,0.0,0,18,1,1.92688172,4.933333333,2.0,3.3458518267571713,-1.3458518267571713
1.0,306.0,11.32222222,1.0,0,18,1,2.851612903,8.566666667,1.0,7.214214902583832,-6.214214902583832
0.049410419,12.0,6.591111111,0.0,0,64,1,2.55,6.083333333,0.049410419,2.773164052406641,-2.7237536334066412
1.0,14.0,6.591666667,0.0,0,64,1,2.55,6.083333333,1.0,2.7749480891209846,-1.7749480891209846
6.0,49.0,6.601388889,1.0,0,64,1,2.55,6.083333333,6.0,6.539252610774029,-0.539252610774029
3.0,68.0,6.606666667,0.0,0,64,1,2.55,6.083333333,3.0,2.823117079265632,0.17688292073436784
8.0,84.0,6.611111111,1.0,0,64,1,2.55,6.083333333,8.0,6.570473252513289,1.4295267474867108
0.010695699,186.0,6.639444444,0.0,0,64,1,2.55,6.083333333,0.010695699,2.9283752428409873,-2.9176795438409875
2.0,231.0,6.651944444,0.0,0,64,1,2.55,6.083333333,2.0,2.9685160679615272,-0.9685160679615272
1.0,246.0,6.656111111,0.0,0,64,1,2.55,6.083333333,1.0,2.981896343033447,-1.9818963430334469
9.0,253.0,6.658055556,0.0,0,64,1,2.55,6.083333333,9.0,2.9881404714384305,6.011859528561569
6.0,355.0,6.686388889,0.0,0,64,1,2.55,6.083333333,6.0,3.0791263416799137,2.9208736583200863
11.0,742.0,11.1975,0.0,0,3,1,1.0,11.98333333,11.0,2.8401142551794054,8.159885744820595
1.0,9.0,2.770833333,0.0,0,40,1,3.970430108,13.9,1.0,1.8494156251803684,-0.8494156251803684
1.0,162.0,2.813333333,1.0,0,40,1,3.970430108,13.9,1.0,5.718978310503989,-4.718978310503989
1.0,456.0,2.895,1.0,0,40,1,3.970430108,13.9,1.0,5.981231701323253,-4.981231701323253
0.035319187,528.0,2.915,1.0,0,40,1,3.970430108,13.9,0.035319187,6.045457021516118,-6.010137834516118
1.0,534.0,2.916666667,1.0,0,40,1,3.970430108,13.9,1.0,6.050809131563929,-5.050809131563929
7.0,545.0,2.919722222,1.0,0,40,1,3.970430108,13.9,7.0,6.060621333207161,0.9393786667928392
1.0,551.0,2.921388889,0.0,0,40,1,3.970430108,13.9,1.0,2.3328895633411877,-1.3328895633411877
0.034803066,569.0,2.926388889,0.0,0,40,1,3.970430108,13.9,0.034803066,2.348945893389404,-2.314142827389404
1.0,583.0,2.930277778,1.0,0,40,1,3.970430108,13.9,1.0,6.094518030017937,-5.094518030017937
1.0,589.0,2.931944444,0.0,0,40,1,3.970430108,13.9,1.0,2.3667862600567435,-1.3667862600567435
2.0,627.0,2.9425,0.0,0,40,1,3.970430108,13.9,2.0,2.400682956867519,-0.4006829568675192
1.0,631.0,2.943611111,0.0,0,40,1,3.970430108,13.9,1.0,2.404251030200987,-1.404251030200987
4.0,642.0,2.946666667,0.0,0,40,1,3.970430108,13.9,4.0,2.414063231939439,1.5859367680605612
4.0,720.0,2.968333333,0.0,0,40,1,3.970430108,13.9,4.0,2.483640662084894,1.5163593379151061
3.0,824.0,2.997222222,1.0,0,40,1,3.970430108,13.9,3.0,6.309494448954506,-3.3094944489545064
22.0,225.0,8.381666667,0.0,0,51,1,1.609375,4.45,22.0,3.1458410715292544,18.854158928470746
3.0,195.0,2.522777778,1.0,0,80,1,3.214285714,2.25,3.0,6.960126969532429,-3.9601269695324293
1.0,168.0,5.168333333,0.0,0,80,1,2.0,4.466666667,1.0,2.7406297056902296,-1.7406297056902296
2.0,184.0,7.489722222,0.0,0,57,1,1.524590164,3.683333333,2.0,3.0758574175547237,-1.0758574175547237
1.0,239.0,7.505,1.0,0,60,1,1.03198484,0.466666667,1.0,7.157563404480799,-6.157563404480799
4.0,3.0,1.260555556,1.0,0,46,1,4.0,0.133333333,4.0,7.438955123782719,-3.438955123782719
3.0,77.0,1.274722222,1.0,0,39,17,4.0,2.3,3.0,1.2407982010734249,1.7592017989265751
1.0,166.0,1.225277778,1.0,0,29,5,4.0,10.48333333,1.0,4.653864883643526,-3.653864883643526
14.0,299.0,5.661944444,0.0,0,65,2,2.050611791,2.433333333,14.0,2.932241634163201,11.067758365836799
8.0,7.0,8.481666667,1.0,0,49,1,1.456140351,0.25,8.0,7.282510882652274,0.7174891173477258
1.0,2.0,8.554722222,0.0,0,53,2,1.037351443,4.166666667,1.0,2.4424538362819805,-1.4424538362819805
1.0,80.0,8.798611111,1.0,0,53,2,1.037351443,4.166666667,1.0,6.266275151401075,-5.266275151401075
6.0,74.0,8.796944444,1.0,0,53,2,1.037351443,4.166666667,6.0,6.260923041353264,-0.26092304135326394
4.0,116.0,8.808611111,1.0,0,53,2,1.037351443,4.166666667,4.0,6.298387811497507,-2.2983878114975074
7.0,99.0,8.803888889,1.0,0,53,2,1.037351443,4.166666667,7.0,6.283223499806463,0.7167765001935367
4.0,200.0,8.831944444,1.0,0,53,2,1.037351443,4.166666667,4.0,6.373317351690774,-2.3733173516907744
3.0,2.0,6.767222222,0.0,0,38,4,2.029569892,1.0,3.0,2.3973714841380858,0.6026285158619142
1.0,135.0,6.862222222,1.0,0,38,4,2.029569892,1.0,1.0,6.2546218540440055,-5.2546218540440055
17.0,2.0,7.114722222,0.0,0,46,2,2.0,1.133333333,17.0,3.102007536045482,13.897992463954518
1.0,154.0,7.156944444,1.0,0,46,2,2.0,1.133333333,1.0,6.970678203011929,-5.970678203011929
1.0,146.0,10.18444444,1.0,0,22,1,1.0,4.733333333,1.0,6.917967444963939,-5.917967444963939
9.0,246.0,10.21222222,0.0,0,22,1,1.0,4.733333333,9.0,3.2740853988629532,5.725914601137047
21.0,211.0,10.2025,1.0,0,22,1,1.0,4.733333333,21.0,6.975948637227918,14.02405136277208
4.0,22.0,7.375277778,1.0,0,83,3,1.421052632,4.1,4.0,5.66070497057947,-1.66070497057947
4.0,68.0,7.388055556,0.0,0,83,3,1.421052632,4.1,4.0,1.968653934143396,2.031346065856604
21.0,65.0,7.387222222,1.0,0,83,3,1.421052632,4.1,21.0,5.699061758985666,15.300938241014334
7.0,61.0,7.386111111,1.0,0,83,3,1.421052632,4.1,7.0,5.695493685652198,1.304506314347802
2.0,80.0,7.391388889,0.0,0,83,3,1.421052632,4.1,2.0,1.9793581541438001,0.02064184585619988
3.0,96.0,7.395833333,0.0,0,83,3,1.421052632,4.1,3.0,1.993630447477672,1.006369552522328
0.089216347,18.0,7.471944444,0.0,0,83,3,1.421052632,4.1,0.089216347,1.9333634194519067,-1.8441470724519067
2.0,56.0,7.4825,1.0,0,83,3,1.421052632,4.1,2.0,5.700343996176468,-3.7003439961764677
0.041390374,65.0,7.485,0.0,0,83,3,1.421052632,4.1,0.041390374,1.9752882812867905,-1.9338979072867906
0.090143902,81.0,7.489444444,1.0,0,83,3,1.421052632,4.1,0.090143902,5.722644454534448,-5.632500552534448
20.0,102.0,7.495277778,0.0,0,83,3,1.421052632,4.1,20.0,2.0082929597403933,17.991707040259605
2.0,149.0,7.508333333,1.0,0,51,1,1.025466893,0.783333333,2.0,7.084606733970423,-5.084606733970423
0.097399911,13.0,2.05,0.0,0,47,1,4.0,0.25,0.097399911,3.766542604526011,-3.6691426935260107
5.0,222.0,3.771111111,1.0,0,85,7,3.033794163,2.8,5.0,4.689345299363525,0.3106547006364746
1.0,68.0,4.236666667,1.0,0,92,8,3.0,3.633333333,1.0,4.050952497789758,-3.0509524977897584
2.0,75.0,4.238611111,1.0,0,92,8,3.0,3.633333333,2.0,4.057196626099524,-2.0571966260995236
1.0,6.0,4.368333333,1.0,0,92,8,3.0,3.633333333,1.0,4.009824564234018,-3.009824564234018
4.0,92.0,4.392222222,1.0,0,92,8,3.0,3.633333333,4.0,4.086538141141629,-0.08653814114162905
13.0,137.0,4.404722222,1.0,0,92,8,3.0,3.633333333,13.0,4.126678966262169,8.873321033737831
1.0,155.0,4.409722222,1.0,0,92,8,3.0,3.633333333,1.0,4.142735296310384,-3.1427352963103843
2.0,158.0,4.410555556,0.0,0,92,8,3.0,3.633333333,2.0,0.4123274714681159,1.587672528531884
1.0,224.0,4.428888889,1.0,0,92,8,3.0,3.633333333,1.0,4.204284561526952,-3.2042845615269524
1.0,35.0,7.1725,1.0,0,70,1,1.4,1.566666667,1.0,6.8451512584741225,-5.8451512584741225
5.0,7.0,7.794722222,0.0,0,49,1,1.024193548,1.383333333,5.0,3.1788051994783504,1.8211948005216496
0.04438061,105.0,8.544444444,1.0,0,49,1,0.88320356,6.05,0.04438061,6.3343813725697355,-6.290000762569735
3.0,132.0,8.551944444,1.0,0,49,1,0.88320356,6.05,3.0,6.358465867642059,-3.3584658676420593
1.0,242.0,8.5825,0.0,0,49,1,0.88320356,6.05,1.0,2.7235040047319123,-1.7235040047319123
6.0,269.0,8.59,0.0,0,49,1,0.88320356,6.05,6.0,2.747588499804236,3.252411500195764
24.0,286.0,8.594722222,1.0,0,49,1,0.88320356,6.05,24.0,6.495836691409066,17.504163308590933
1.0,77.0,10.34222222,1.0,0,15,2,1.0,3.35,1.0,6.744894536837417,-5.744894536837417
3.0,59.0,10.435,0.0,0,15,2,1.0,3.35,3.0,3.0050647292807655,-0.005064729280765512
1.0,89.0,4.659166667,1.0,0,86,4,2.01843318,5.133333333,1.0,5.1064683192696405,-4.1064683192696405
2.0,259.0,4.706388889,1.0,0,86,4,2.01843318,5.133333333,2.0,5.258111436370519,-3.258111436370519
4.0,470.0,4.765,1.0,0,86,4,2.01843318,5.133333333,4.0,5.446327305258468,-1.4463273052584684
2.0,187.0,5.341666667,1.0,0,103,6,2.0,3.3,2.0,4.671835223601901,-2.671835223601901
1.0,204.0,5.346388889,1.0,0,103,6,2.0,3.3,1.0,4.686999535292945,-3.686999535292945
2.0,420.0,5.406388889,1.0,0,103,6,2.0,3.3,2.0,4.879675495871536,-2.8796754958715356
9.0,434.0,5.410277778,1.0,0,103,6,2.0,3.3,9.0,4.892163752586282,4.107836247413718
0.061201372,512.0,5.431944444,1.0,0,103,6,2.0,3.3,0.061201372,4.961741182731738,-4.900539810731738
1.0,518.0,5.433611111,1.0,0,103,6,2.0,3.3,1.0,4.96709329277955,-3.96709329277955
0.050105814,54.0,0.9225,0.0,0,9,1,4.0,5.55,0.050105814,3.138154863108631,-3.0880490491086308
6.0,201.0,1.446388889,0.0,0,29,5,4.0,7.833333333,6.0,1.3632087316519694,4.636791268348031
6.0,179.0,1.440277778,1.0,0,29,5,4.0,7.833333333,6.0,5.076668208184071,0.9233317918159294
1.0,321.0,1.479722222,1.0,0,29,5,4.0,7.833333333,1.0,5.203334811855454,-4.203334811855454
0.085595674,71.0,2.097222222,1.0,0,51,1,3.322033898,1.266666667,0.085595674,7.164005750499933,-7.0784100764999325
1.0,30.0,2.085833333,0.0,0,51,1,3.322033898,1.266666667,1.0,3.394349118799077,-2.394349118799077
2.0,25.0,4.860277778,1.0,0,53,2,3.0,1.816666667,2.0,6.817306128574119,-4.817306128574119
16.0,181.0,4.903611111,1.0,0,53,2,3.0,1.816666667,16.0,6.956460988960249,9.043539011039751
1.0,206.0,4.910555556,0.0,0,53,2,3.0,1.816666667,1.0,3.2456775674996625,-2.2456775674996625
2.0,201.0,4.909166667,1.0,0,53,2,3.0,1.816666667,2.0,6.974301355722809,-4.974301355722809
0.07570842,250.0,4.922777778,1.0,0,53,2,3.0,1.816666667,0.07570842,7.018010254176817,-6.942301834176817
0.050211363,139.0,0.247777778,0.0,0,8,2,4.0,1.25,0.050211363,3.4139136133959416,-3.3637022503959417
1.0,35.0,3.374722222,1.0,0,65,1,3.0,1.25,1.0,7.07096460793041,-6.07096460793041
2.0,20.0,3.370555556,1.0,0,65,1,3.0,1.25,2.0,7.057584332953711,-5.057584332953711
2.0,42.0,3.376666667,1.0,0,65,1,3.0,1.25,2.0,7.077208736335395,-5.077208736335395
0.057540536,157.0,7.078055556,0.0,0,39,1,2.0,3.616666667,0.057540536,3.2818481849782133,-3.2243076489782134
3.0,6.0,8.078333333,1.0,0,40,1,1.301587302,0.2,3.0,7.2546983521527,-4.2546983521527
2.0,151.0,8.333055556,1.0,0,36,1,2.0,3.166666667,2.0,7.213463188075934,-5.213463188075934
3.0,116.0,8.713055556,1.0,0,46,2,2.0,0.416666667,3.0,7.191722944967714,-4.191722944967714
1.0,17.0,9.676111111,1.0,0,30,1,1.822307272,1.55,1.0,7.442820693883433,-6.442820693883433
3.0,2.0,3.795555556,0.0,1,68,1,3.0,2.333333333,3.0,4.198666647450657,-1.1986666474506569
2.0,73.0,3.815277778,0.0,1,68,1,3.0,2.333333333,2.0,4.2619999492863485,-2.2619999492863485
1.0,105.0,3.824166667,0.0,1,68,1,3.0,2.333333333,1.0,4.290544536049312,-3.290544536049312
2.0,130.0,3.831111111,0.0,1,68,1,3.0,2.333333333,2.0,4.312844994407292,-2.3128449944072917
4.0,46.0,8.347222222,1.0,1,30,2,2.896118097,4.483333333,4.0,8.250774609501649,-4.250774609501649
2.0,108.0,9.436944444,0.0,1,14,1,2.030071077,1.816666667,2.0,4.831453086521782,-2.8314530865217824
4.0,71.0,5.849444444,0.0,1,56,1,3.0,8.633333333,4.0,4.610638538335911,-0.6106385383359108
0.046019395,192.0,5.883055556,1.0,1,56,1,3.0,8.633333333,0.046019395,8.451656636991789,-8.405637241991789
9.0,220.0,5.890833333,0.0,1,56,1,3.0,8.633333333,9.0,4.743549270412278,4.256450729587722
18.0,239.0,5.896111111,0.0,1,56,1,3.0,8.633333333,18.0,4.760497618817666,13.239502381182334
14.0,250.0,5.899166667,1.0,1,56,1,3.0,8.633333333,14.0,8.503393700469903,5.496606299530097
3.0,265.0,5.903333333,0.0,1,56,1,3.0,8.633333333,3.0,4.783690095532817,-1.7836900955328172
12.0,279.0,5.907222222,1.0,1,56,1,3.0,8.633333333,12.0,8.52926223216135,3.4707377678386493
15.0,295.0,5.911666667,0.0,1,56,1,3.0,8.633333333,15.0,4.810450645676657,10.189549354323344
2.0,264.0,5.903055556,1.0,1,56,1,3.0,8.633333333,2.0,8.51588195718465,-6.51588195718465
2.0,426.0,5.948055556,0.0,1,56,1,3.0,8.633333333,2.0,4.927305047704808,-2.9273050477048077
11.0,507.0,5.970555556,1.0,1,56,1,3.0,8.633333333,11.0,8.732642412835563,2.2673575871644367
0.013008356,29.0,7.385833333,0.0,1,43,1,2.005288207,5.516666667,0.013008356,4.43781866006192,-4.4248103040619196
2.0,135.0,7.415277778,0.0,1,43,1,2.005288207,5.516666667,2.0,4.532372603732091,-2.5323726037320906
2.0,188.0,7.43,1.0,1,43,1,2.005288207,5.516666667,2.0,8.312733455433351,-6.312733455433351
0.028276798,329.0,7.469166667,1.0,1,43,1,2.005288207,5.516666667,0.028276798,8.438508040842782,-8.410231242842782
25.0,517.0,5.497777778,1.0,1,69,1,2.0,8.683333333,25.0,8.300380222921127,16.699619777078873
3.0,537.0,6.976944444,0.0,1,55,1,1.293103448,9.533333333,3.0,4.594338324077244,-1.5943383240772437
0.064154735,572.0,6.986666667,0.0,1,55,1,1.293103448,9.533333333,0.064154735,4.625558965911723,-4.561404230911723
10.0,381.0,3.06,1.0,1,98,1,2.774193548,8.95,10.0,8.029218606121418,1.9707813938785819
8.0,436.0,3.075277778,1.0,1,98,1,2.774193548,8.95,8.0,8.078279614623238,-0.07827961462323785
2.0,450.0,3.079166667,0.0,1,98,1,2.774193548,8.95,2.0,4.3576839914242,-2.3576839914242003
6.0,455.0,3.080555556,1.0,1,98,1,2.774193548,8.95,6.0,8.095227963028627,-2.095227963028627
2.0,477.0,3.086666667,0.0,1,98,1,2.774193548,8.95,2.0,4.381768486496524,-2.381768486496524
0.030293066,558.0,3.109166667,0.0,1,98,1,2.774193548,8.95,0.030293066,4.4540219717134955,-4.423728905713496
6.0,673.0,3.141111111,1.0,1,98,1,2.774193548,8.95,6.0,8.28968796022634,-2.28968796022634
18.0,668.0,3.139722222,0.0,1,98,1,2.774193548,8.95,18.0,4.552143988621914,13.447856011378086
17.0,695.0,3.147222222,1.0,1,98,1,2.774193548,8.95,17.0,8.309312363608024,8.690687636391976
7.0,662.0,3.138055556,1.0,1,98,1,2.774193548,8.95,7.0,8.279875758583108,-1.279875758583108
1.0,128.0,4.189444444,0.0,1,69,1,2.0,8.45,1.0,4.1028469916027355,-3.1028469916027355
6.0,381.0,4.259722222,0.0,1,69,1,2.0,8.45,6.0,4.3285276306349285,1.6714723693650715
2.0,80.0,4.708055556,0.0,1,91,1,2.0,6.516666667,2.0,3.9538332895766,-1.9538332895766
1.0,177.0,4.735,0.0,1,91,1,2.0,6.516666667,1.0,4.040359068127443,-3.040359068127443
11.0,223.0,4.747777778,1.0,1,91,1,2.0,6.516666667,11.0,7.814475791518939,3.185524208481061
11.0,287.0,4.765555556,1.0,1,91,1,2.0,6.516666667,11.0,7.8715649650448665,3.1284350349551335
3.0,262.0,4.758611111,1.0,1,91,1,2.0,6.516666667,3.0,7.849264506591666,-4.849264506591666
6.0,238.0,4.751944444,1.0,1,91,1,2.0,6.516666667,6.0,7.827856066495639,-1.827856066495639
3.0,234.0,4.750833333,0.0,1,91,1,2.0,6.516666667,3.0,4.091204113248385,-1.0912041132483852
25.0,239.0,4.752222222,0.0,1,91,1,2.0,6.516666667,25.0,4.095664204939026,20.904335795060973
15.0,355.0,4.784444444,0.0,1,91,1,2.0,6.516666667,15.0,4.199138331895257,10.800861668104744
6.0,360.0,4.785833333,1.0,1,91,1,2.0,6.516666667,6.0,7.936682303499682,-1.9366823034996816
0.069936967,53.0,6.003888889,0.0,1,67,1,1.758064516,20.03333333,0.069936967,4.302363386621934,-4.232426419621934
1.0,82.0,6.011944444,0.0,1,67,1,1.758064516,20.03333333,1.0,4.328231918313382,-3.3282319183133824
1.0,98.0,6.016388889,0.0,1,67,1,1.758064516,20.03333333,1.0,4.342504211742474,-3.342504211742474
1.0,120.0,6.0225,1.0,1,67,1,1.758064516,20.03333333,1.0,8.095212495037943,-7.095212495037943
2.0,128.0,6.024722222,0.0,1,67,1,1.758064516,20.03333333,2.0,4.369264761791094,-2.3692647617910936
4.0,101.0,6.017222222,0.0,1,67,1,1.758064516,20.03333333,4.0,4.34518026671877,-0.3451802667187698
0.036982956,112.0,6.020277778,1.0,1,67,1,1.758064516,20.03333333,0.036982956,8.088076348371008,-8.051093392371008
4.0,180.0,6.039166667,0.0,1,67,1,1.758064516,20.03333333,4.0,4.415649715316617,-0.41564971531661676
3.0,232.0,6.053611111,1.0,1,67,1,1.758064516,20.03333333,3.0,8.195118548660705,-5.195118548660705
19.0,353.0,6.087222222,1.0,1,67,1,1.758064516,20.03333333,19.0,8.303052767307577,10.696947232692423
3.0,435.0,6.11,0.0,1,67,1,1.758064516,20.03333333,3.0,4.643114390967935,-1.643114390967935
6.0,612.0,6.159166667,0.0,1,67,1,1.758064516,20.03333333,6.0,4.8010016364737975,1.1989983635262025
1.0,708.0,6.185833333,0.0,1,67,1,1.758064516,20.03333333,1.0,4.886635396667469,-3.8866353966674687
9.0,777.0,6.205,1.0,1,67,1,1.758064516,20.03333333,9.0,8.68126854179782,0.31873145820217985
23.0,806.0,6.213055556,1.0,1,67,1,1.758064516,20.03333333,23.0,8.707137073584487,14.292862926415513
3.0,90.0,2.358611111,0.0,1,27,1,3.0,9.983333333,3.0,4.485191931984673,-1.485191931984673
3.0,376.0,2.438055556,0.0,1,27,1,3.0,9.983333333,3.0,4.740309176137002,-1.7403091761370018
2.0,452.0,2.459166667,0.0,1,27,1,3.0,9.983333333,2.0,4.808102569663333,-2.8081025696633333
2.0,12.0,4.395833333,0.0,1,53,1,2.785298784,6.45,2.0,4.340795092037626,-2.3407950920376264
9.0,31.0,4.401111111,1.0,1,53,1,2.785298784,6.45,9.0,8.090827320356798,0.909172679643202
4.0,58.0,4.408611111,0.0,1,53,1,2.785298784,6.45,4.0,4.381827935515338,-0.38182793551533756
5.0,187.0,4.444444444,1.0,1,53,1,2.785298784,6.45,5.0,8.22998218074293,-3.2299821807429296
4.0,197.0,4.447222222,1.0,1,53,1,2.785298784,6.45,4.0,8.23890236412421,-4.238902364124209
1.0,224.0,4.454722222,0.0,1,53,1,2.785298784,6.45,1.0,4.529902979282748,-3.529902979282748
3.0,312.0,4.479166667,0.0,1,53,1,2.785298784,6.45,3.0,4.608400592904704,-1.6084005929047036
0.010238211,402.0,4.504166667,1.0,1,82,1,2.295081967,9.883333333,0.010238211,8.139550272373942,-8.129312061373941
2.0,597.0,4.558333333,0.0,1,82,1,2.295081967,9.883333333,2.0,4.580409967919015,-2.5804099679190147
2.0,949.0,4.656111111,1.0,1,82,1,2.295081967,9.883333333,2.0,8.627484302130181,-6.627484302130181
3.0,12.0,5.788055556,1.0,1,49,1,2.0,10.86666667,3.0,8.039270896139957,-5.039270896139957
4.0,25.0,5.791666667,0.0,1,49,1,2.0,10.86666667,4.0,4.3177832545837465,-0.31778325458374646
22.0,59.0,5.801111111,1.0,1,49,1,2.0,10.86666667,22.0,8.08119575787962,13.91880424212038
2.0,97.0,5.811666667,0.0,1,49,1,2.0,10.86666667,2.0,4.38200857477661,-2.38200857477661
2.0,112.0,5.815833333,0.0,1,49,1,2.0,10.86666667,2.0,4.39538884975331,-2.39538884975331
4.0,217.0,5.845,0.0,1,49,1,2.0,10.86666667,4.0,4.489050775066309,-0.4890507750663087
1.0,357.0,5.883888889,1.0,1,49,1,2.0,10.86666667,1.0,8.347017222032353,-7.347017222032353
14.0,418.0,5.900833333,1.0,1,49,1,2.0,10.86666667,14.0,8.401430340486764,5.598569659513236
1.0,624.0,5.958055556,0.0,1,49,1,2.0,10.86666667,1.0,4.85210223786551,-3.85210223786551
1.0,263.0,10.14944444,0.0,1,6,1,2.0,9.7,1.0,5.178249011922007,-4.178249011922007
1.0,159.0,1.516388889,1.0,1,21,7,3.091935484,5.55,1.0,5.958167813816051,-4.958167813816051
12.0,199.0,1.5275,1.0,1,21,7,3.091935484,5.55,12.0,5.993848547245951,6.006151452754049
7.0,59.0,5.118888889,0.0,1,46,1,3.589285714,1.05,7.0,4.6754548346959295,2.3245451653040705
3.0,187.0,6.058055556,0.0,1,42,1,2.55,6.25,3.0,4.638001148131699,-1.638001148131699
8.0,200.0,9.331666667,1.0,1,20,1,2.0,6.05,8.0,8.646312121562259,-0.6463121215622589
1.0,210.0,9.334444444,0.0,1,20,1,2.0,6.05,1.0,4.922148424934535,-3.9221484249345346
14.0,280.0,9.353888889,0.0,1,20,1,2.0,6.05,14.0,4.984589708508274,9.015410291491726
5.0,274.0,9.352222222,0.0,1,20,1,2.0,6.05,5.0,4.979237598460462,0.02076240153953801
0.051207358,75.0,0.217222222,0.0,1,15,1,3.878136201,9.233333333,0.051207358,4.6098546762855666,-4.5586473182855665
1.0,167.0,0.242777778,0.0,1,15,1,3.878136201,9.233333333,1.0,4.691920363240989,-3.691920363240989
1.0,230.0,0.260277778,0.0,1,15,1,3.878136201,9.233333333,1.0,4.748117518409745,-3.748117518409745
5.0,547.0,0.348333333,1.0,1,15,1,3.878136201,9.233333333,5.0,8.763971210786432,-3.7639712107864316
0.039785341,220.0,2.360555556,1.0,1,20,1,3.0,9.516666667,0.039785341,8.366222955479468,-8.326437614479469
2.0,493.0,2.436388889,1.0,1,20,1,3.0,9.516666667,2.0,8.609743961179,-6.609743961178999
3.0,487.0,2.434722222,0.0,1,20,1,3.0,9.516666667,3.0,4.871307971217404,-1.871307971217404
4.0,22.0,3.381944444,1.0,1,14,1,3.0,7.45,4.0,8.299703038760113,-4.2997030387601125
1.0,472.0,3.506944444,1.0,1,38,1,3.0,1.7,1.0,8.48063704696665,-7.480637046966651
12.0,185.0,4.857222222,0.0,1,63,2,3.0,23.3,12.0,4.39804621998612,7.60195378001388
14.0,207.0,4.863333333,1.0,1,63,2,3.0,23.3,14.0,8.150754503281588,5.849245496718412
0.016181067,262.0,4.878611111,1.0,1,63,2,3.0,23.3,0.016181067,8.199815511783408,-8.183634444783408
5.0,235.0,4.871111111,1.0,1,63,2,3.0,23.3,5.0,8.175731016711085,-3.175731016711085
3.0,320.0,4.894722222,1.0,1,63,2,3.0,23.3,3.0,8.251552575261524,-5.251552575261524
18.0,341.0,4.900555556,1.0,1,63,2,3.0,23.3,18.0,8.270284960381256,9.729715039618744
11.0,508.0,4.946944444,1.0,1,63,2,3.0,23.3,11.0,8.419252022410618,2.5807479775893825
1.0,579.0,4.966666667,0.0,1,63,2,3.0,23.3,1.0,4.749501444427745,-3.749501444427745
0.019265878,697.0,4.999444444,0.0,1,63,2,3.0,23.3,0.019265878,4.8547596080031,-4.8354937300031
0.093784466,673.0,4.992777778,0.0,1,63,2,3.0,23.3,0.093784466,4.833351168002292,-4.739566702002292
1.0,711.0,5.003333333,0.0,1,44,3,3.0,5.4,1.0,4.363278721338883,-3.363278721338883
6.0,809.0,5.030555556,0.0,1,44,3,3.0,5.4,6.0,4.450696518342118,1.5493034816578817
0.058920205,863.0,5.045555556,0.0,1,44,3,3.0,5.4,0.058920205,4.498865508486766,-4.439945303486766
10.0,825.0,5.035,1.0,1,44,3,3.0,5.4,10.0,8.198052691589776,1.8019473084102238
0.024862202,39.0,6.802777778,0.0,1,43,1,3.0,3.75,0.024862202,4.684697424969236,-4.659835222969235
1.0,41.0,6.803333333,0.0,1,43,1,3.0,3.75,1.0,4.686481461588359,-3.686481461588359
10.0,65.0,6.81,1.0,1,43,1,3.0,3.75,10.0,8.440973781598174,1.5590262184018258
1.0,84.0,6.815277778,0.0,1,43,1,3.0,3.75,1.0,4.724838250089774,-3.724838250089774
1.0,122.0,6.825833333,0.0,1,43,1,3.0,3.75,1.0,4.758734946805331,-3.7587349468053306
0.014004332,141.0,6.831111111,0.0,1,43,1,3.0,3.75,0.014004332,4.775683295210718,-4.761678963210718
7.0,164.0,6.8375,1.0,1,43,1,3.0,3.75,7.0,8.52928359686336,-1.52928359686336
7.0,216.0,6.851944444,0.0,1,43,1,3.0,3.75,7.0,4.842584670379877,2.1574153296201226
3.0,210.0,7.604166667,1.0,1,30,1,3.0,6.733333333,3.0,8.759745700842046,-5.759745700842046
6.0,235.0,7.611111111,1.0,1,30,1,3.0,6.733333333,6.0,8.782046159200025,-2.782046159200025
4.0,269.0,7.620555556,0.0,1,30,1,3.0,6.733333333,4.0,5.079290902763548,-1.0792909027635478
5.0,303.0,7.63,0.0,1,30,1,3.0,6.733333333,5.0,5.109619526145635,-0.10961952614563497
4.0,180.0,8.251666667,0.0,1,27,1,3.0,12.41666667,4.0,5.157223270351702,-1.157223270351702
4.0,467.0,8.331388889,0.0,1,27,1,3.0,12.41666667,4.0,5.413232532765983,-1.4132325327659832
10.0,512.0,8.343888889,0.0,1,27,1,3.0,12.41666667,10.0,5.453373357886522,4.546626642113478
10.0,521.0,8.346388889,1.0,1,27,1,3.0,12.41666667,10.0,9.194485402824416,0.8055145971755842
3.0,591.0,8.365833333,0.0,1,27,1,3.0,12.41666667,3.0,5.523842806389149,-2.5238428063891494
1.0,573.0,8.360833333,0.0,1,27,1,3.0,12.41666667,1.0,5.507786476340934,-4.507786476340934
2.0,547.0,8.353611111,0.0,1,27,1,3.0,12.41666667,2.0,5.484593999625782,-3.4845939996257824
3.0,621.0,8.374166667,0.0,1,27,1,3.0,12.41666667,3.0,5.5506033565329895,-2.5506033565329895
3.0,330.0,8.756111111,0.0,1,21,1,3.0,9.633333333,3.0,5.332980464121715,-2.3329804641217153
0.068554286,487.0,8.799722222,0.0,1,21,1,3.0,9.633333333,0.068554286,5.473027342865017,-5.404473056865017
3.0,522.0,8.809444444,0.0,1,21,1,3.0,9.633333333,3.0,5.5042479846042776,-2.5042479846042776
1.0,254.0,0.164722222,0.0,1,20,1,3.555555556,7.35,1.0,4.601539420905974,-3.601539420905974
5.0,383.0,0.200555556,0.0,1,20,1,3.555555556,7.35,5.0,4.716609786315001,0.2833902136849993
0.039481249,440.0,0.216388889,0.0,1,20,1,3.555555556,7.35,0.039481249,4.767454831435945,-4.727973582435945
2.0,139.0,2.155555556,0.0,1,25,3,3.0,11.73333333,2.0,3.7957020600947033,-1.7957020600947033
25.0,250.0,2.186388889,0.0,1,25,3,3.0,11.73333333,25.0,3.894716095360294,21.105283904639705
2.0,12.0,2.772222222,0.0,1,20,1,3.0,0.616666667,2.0,4.3716256241597895,-2.3716256241597895
1.0,0.0,5.601666667,0.0,1,60,1,2.085094549,6.6,1.0,4.182061496767355,-3.1820614967673553
28.0,107.0,5.631388889,1.0,1,60,1,2.085094549,6.6,28.0,8.010591338613265,19.989408661386733
2.0,349.0,5.698611111,1.0,1,60,1,2.085094549,6.6,2.0,8.226459775907006,-6.226459775907006
17.0,336.0,5.695,0.0,1,60,1,2.085094549,6.6,17.0,4.481779657635644,12.518220342364355
0.071239584,383.0,5.708055556,0.0,1,60,1,2.085094549,6.6,0.071239584,4.523704519470527,-4.452464935470528
11.0,25.0,6.516666667,1.0,1,56,3,2.0,13.93333333,11.0,7.371744949635326,3.6282550503646744
5.0,121.0,6.933055556,1.0,1,56,3,2.0,13.93333333,5.0,7.494488068646895,-2.494488068646895
3.0,172.0,6.947222222,0.0,1,56,3,2.0,13.93333333,3.0,3.8068971238062406,-0.8068971238062406
0.033235649,150.0,6.941111111,0.0,1,56,3,2.0,13.93333333,0.033235649,3.787272720424557,-3.7540370714245572
15.0,460.0,7.027222222,1.0,1,69,2,2.0,11.46666667,15.0,8.06032962522627,6.93967037477373
1.0,482.0,7.033333333,0.0,1,69,2,2.0,11.46666667,1.0,4.346870148694167,-3.346870148694167
1.0,580.0,7.060555556,1.0,1,69,2,2.0,11.46666667,1.0,8.167371825611188,-7.167371825611188
17.0,587.0,7.0625,1.0,1,69,2,2.0,11.46666667,17.0,8.173615953920951,8.826384046079049
1.0,621.0,7.071944444,0.0,1,69,2,2.0,11.46666667,1.0,4.470860697389254,-3.470860697389254
2.0,638.0,7.076666667,0.0,1,69,2,2.0,11.46666667,2.0,4.486025009175518,-2.486025009175518
2.0,628.0,7.073888889,1.0,1,69,2,2.0,11.46666667,2.0,8.210188705708024,-6.210188705708024
0.0502264,603.0,7.066944444,0.0,1,69,2,2.0,11.46666667,0.0502264,4.454804367341039,-4.404577967341039
4.0,619.0,7.071388889,1.0,1,69,2,2.0,11.46666667,4.0,8.202160540683915,-4.202160540683915
0.057320093,629.0,7.074166667,0.0,1,69,2,2.0,11.46666667,0.057320093,4.47799684415141,-4.42067675115141
1.0,261.0,8.218611111,0.0,1,40,2,1.533333333,5.016666667,1.0,4.20414100707568,-3.2041410070756804
6.0,279.0,8.223611111,1.0,1,40,2,1.533333333,5.016666667,6.0,7.9532812170376825,-1.9532812170376825
4.0,24.0,0.276944444,1.0,1,26,1,3.534482759,4.916666667,4.0,8.070877100947182,-4.0708771009471825
1.0,17.0,0.736388889,0.0,1,45,2,3.0756396,16.8,1.0,3.9031531775199526,-2.9031531775199526
20.0,108.0,0.761666667,1.0,1,45,2,3.0756396,16.8,20.0,7.71741072603199,12.28258927396801
9.0,130.0,0.767777778,1.0,1,45,2,3.0756396,16.8,9.0,7.737035129413673,1.2629648705863268
1.0,7.0,3.726666667,0.0,1,75,1,2.947076613,1.983333333,1.0,4.133220762936646,-3.133220762936646
25.0,22.0,3.730833333,0.0,1,75,1,2.947076613,1.983333333,25.0,4.146601037913346,20.853398962086654
14.0,88.0,3.749166667,1.0,1,75,1,2.947076613,1.983333333,14.0,7.938558128067403,6.061441871932597
6.0,102.0,3.753055556,0.0,1,75,1,2.947076613,1.983333333,6.0,4.217962504868365,1.7820374951316351
8.0,97.0,3.751666667,1.0,1,75,1,2.947076613,1.983333333,8.0,7.946586293091511,0.05341370690848901
26.0,112.0,4.640833333,1.0,1,56,1,2.105846774,6.333333333,26.0,7.947362463544246,18.052637536455755
6.0,126.0,4.644722222,0.0,1,56,1,2.105846774,6.333333333,6.0,4.226766840345207,1.7732331596547928
24.0,196.0,4.664166667,1.0,1,56,1,2.105846774,6.333333333,24.0,8.022292003832732,15.977707996167268
1.0,258.0,4.681388889,0.0,1,56,1,2.105846774,6.333333333,1.0,4.34451326073053,-3.3445132607305297
19.0,287.0,4.689444444,0.0,1,56,1,2.105846774,6.333333333,19.0,4.370381792421978,14.629618207578023
6.0,14.0,6.191388889,0.0,1,57,3,2.0,2.716666667,6.0,3.4401433353134037,2.5598566646865963
3.0,0.0,6.1875,0.0,1,57,3,2.0,2.716666667,3.0,3.427655078598656,-0.42765507859865615
1.0,48.0,6.200833333,0.0,1,57,3,2.0,2.716666667,1.0,3.4704719586954917,-2.4704719586954917
7.0,28.0,6.583333333,1.0,1,49,2,2.0,2.866666667,7.0,7.6462893567304695,-0.6462893567304695
1.0,59.0,6.591944444,0.0,1,49,2,2.0,2.866666667,1.0,3.9408580452224755,-2.9408580452224755
16.0,109.0,6.605833333,1.0,1,49,2,2.0,2.866666667,16.0,7.718542841947442,8.281457158052557
11.0,23.0,6.989722222,0.0,1,49,2,2.0,2.866666667,11.0,3.9475739942961376,7.052426005703863
18.0,141.0,7.0225,0.0,1,46,1,2.0,3.4,18.0,4.451963249745866,13.548036750254134
2.0,191.0,7.036388889,0.0,1,46,1,2.0,3.4,2.0,4.496564166557045,-2.496564166557045
2.0,309.0,8.379722222,0.0,1,20,2,2.0,24.73333333,2.0,4.796170480127033,-2.7961704801270333
1.0,482.0,8.427777778,0.0,1,20,2,2.0,24.73333333,1.0,4.950489652299427,-3.950489652299427
7.0,501.0,8.433055556,0.0,1,20,2,2.0,24.73333333,7.0,4.967438000704815,2.0325619992951847
6.0,659.0,8.476944444,0.0,1,20,2,2.0,24.73333333,6.0,5.10837689771007,0.8916231022899304
5.0,707.0,8.490277778,0.0,1,20,2,2.0,24.73333333,5.0,5.151193777902125,-0.15119377790212507
2.0,722.0,8.494444444,0.0,1,20,2,2.0,24.73333333,2.0,5.164574052878825,-3.164574052878825
23.0,734.0,8.497777778,1.0,1,20,2,2.0,24.73333333,23.0,8.908362152888234,14.091637847111766
13.0,769.0,8.5075,1.0,1,24,2,2.0,1.466666667,13.0,8.60036078212284,4.39963921787716
2.0,372.0,10.23305556,0.0,1,10,5,2.0,48.68333333,2.0,4.289033066596062,-2.289033066596062
5.0,9.0,0.4025,1.0,1,23,2,3.618181818,5.833333333,5.0,7.752738129581167,-2.752738129581167
2.0,203.0,0.456388889,0.0,1,23,2,3.618181818,5.833333333,2.0,4.192705806864288,-2.1927058068642884
7.0,161.0,4.955,0.0,1,57,1,2.074357572,4.15,7.0,4.241007695639879,2.758992304360121
2.0,238.0,4.976388889,0.0,1,57,1,2.074357572,4.15,2.0,4.3096931075233815,-2.3096931075233815
5.0,64.0,5.536388889,0.0,1,61,2,1.943548387,9.266666667,5.0,3.842167695321508,1.1578323046784922
4.0,161.0,5.563333333,0.0,1,61,2,1.943548387,9.266666667,4.0,3.9286934738723507,0.07130652612764932
4.0,174.0,5.566944444,0.0,1,61,2,1.943548387,9.266666667,4.0,3.9402897122299265,0.05971028777007348
4.0,263.0,5.591666667,0.0,1,61,2,1.943548387,9.266666667,4.0,4.019679344209053,-0.019679344209053262
16.0,276.0,5.595277778,0.0,1,61,2,1.943548387,9.266666667,16.0,4.0312755825666295,11.968724417433371
1.0,105.0,5.916111111,0.0,1,61,2,1.943548387,9.266666667,1.0,3.9138131553407947,-2.9138131553407947
2.0,183.0,5.937777778,0.0,1,61,2,1.943548387,9.266666667,2.0,3.98339058558147,-1.98339058558147
3.0,1.0,6.456111111,0.0,1,60,3,1.516666667,1.066666667,3.0,3.2595425506266373,-0.25954255062663734
2.0,5.0,0.605555556,0.0,1,52,1,3.949388209,0.15,2.0,4.266135001275921,-2.266135001275921
27.0,389.0,8.714444444,1.0,1,16,1,2.065609623,6.55,27.0,8.80261854370868,18.197381456291318
28.0,433.0,0.243055556,0.0,1,7,1,4.0,7.716666667,28.0,4.988048632078244,23.011951367921757
5.0,66.0,2.148055556,1.0,1,84,1,3.0,1.7,5.0,7.726677542547781,-2.7266775425477814
8.0,45.0,2.142222222,1.0,1,84,1,3.0,1.7,8.0,7.70794515742805,0.29205484257195025
2.0,29.0,2.137777778,1.0,1,84,1,3.0,1.7,2.0,7.693672864094178,-5.693672864094178
6.0,22.0,2.135833333,1.0,1,84,1,3.0,1.7,6.0,7.687428735689194,-1.6874287356891937
2.0,76.0,2.150833333,1.0,1,84,1,3.0,1.7,2.0,7.735597725833841,-5.735597725833841
4.0,101.0,2.157777778,1.0,1,84,1,3.0,1.7,4.0,7.757898184287041,-3.7578981842870407
15.0,88.0,2.154166667,1.0,1,84,1,3.0,1.7,15.0,7.746301945929465,7.253698054070535
15.0,16.0,3.148055556,1.0,1,79,2,3.0,21.3,15.0,7.699977305776291,7.300022694223709
18.0,33.0,3.152777778,1.0,1,79,2,3.0,21.3,18.0,7.715141617467336,10.284858382532665
14.0,81.0,3.166111111,1.0,1,79,2,3.0,21.3,14.0,7.7579584975641716,6.2420415024358284
3.0,65.0,3.161666667,0.0,1,79,2,3.0,21.3,3.0,4.010602324316514,-1.0106023243165136
13.0,81.0,3.166111111,1.0,1,79,2,3.0,21.3,13.0,7.7579584975641716,5.2420415024358284
10.0,92.0,3.169166667,1.0,1,79,2,3.0,21.3,10.0,7.767770699302623,2.2322293006973766
7.0,126.0,3.178611111,1.0,1,79,2,3.0,21.3,7.0,7.798099322684711,-0.7980993226847106
16.0,183.0,3.194444444,1.0,1,79,2,3.0,21.3,16.0,7.848944367805655,8.151055632194346
3.0,202.0,3.199722222,0.0,1,79,2,3.0,21.3,3.0,4.132808836297256,-1.1328088362972561
1.0,215.0,3.203333333,0.0,1,79,2,3.0,21.3,1.0,4.144405074654832,-3.1444050746548324
23.0,274.0,3.219722222,1.0,1,79,2,3.0,21.3,23.0,7.930118036403906,15.069881963596094
4.0,318.0,3.231944444,0.0,1,79,2,3.0,21.3,4.0,4.236282963253488,-0.23628296325348774
5.0,322.0,3.233055556,1.0,1,79,2,3.0,21.3,5.0,7.972934916595961,-2.9729349165959613
3.0,326.0,3.234166667,0.0,1,79,2,3.0,21.3,3.0,4.243419110015643,-1.243419110015643
2.0,340.0,3.238055556,0.0,1,79,2,3.0,21.3,2.0,4.2559073667303915,-2.2559073667303915
3.0,392.0,3.2525,0.0,1,79,2,3.0,21.3,3.0,4.302292320160695,-1.3022923201606948
1.0,613.0,3.313888889,1.0,1,79,2,3.0,21.3,1.0,8.232512252343712,-7.232512252343712
2.0,602.0,3.310833333,1.0,1,79,2,3.0,21.3,2.0,8.222700050605258,-6.222700050605258
2.0,594.0,3.308611111,1.0,1,79,2,3.0,21.3,2.0,8.215563903938323,-6.215563903938323
18.0,635.0,3.32,1.0,1,79,2,3.0,21.3,18.0,8.252136655725394,9.747863344274606
6.0,37.0,3.809166667,1.0,1,62,1,3.0,4.983333333,6.0,8.034900187752495,-2.034900187752495
9.0,46.0,3.811666667,1.0,1,62,1,3.0,4.983333333,9.0,8.042928352776602,0.9570716472233975
2.0,34.0,3.808333333,1.0,1,62,1,3.0,4.983333333,2.0,8.032224132680978,-6.0322241326809785
0.044489486,26.0,3.806111111,0.0,1,62,1,3.0,4.983333333,0.044489486,4.292004106100258,-4.247514620100258
0.028315379,22.0,3.805,0.0,1,62,1,3.0,4.983333333,0.028315379,4.288436032766789,-4.260120653766789
2.0,87.0,3.823055556,0.0,1,62,1,3.0,4.983333333,2.0,4.346417224649889,-2.3464172246498887
6.0,110.0,3.829444444,0.0,1,62,1,3.0,4.983333333,6.0,4.366933646293525,1.6330663537064751
8.0,96.0,3.825555556,0.0,1,62,1,3.0,4.983333333,8.0,4.354445389673997,3.645554610326003
6.0,273.0,3.874722222,0.0,1,62,1,3.0,4.983333333,6.0,4.51233263508464,1.4876673649153602
0.039556377,283.0,3.8775,0.0,1,62,1,3.0,4.983333333,0.039556377,4.5212528184659195,-4.481696441465919
7.0,10.0,5.126111111,1.0,1,65,1,2.483870968,4.483333333,7.0,7.947492353808205,-0.9474923538082054
0.02018894,72.0,5.143333333,1.0,1,65,1,2.483870968,4.483333333,0.02018894,8.002797490619788,-7.982608550619788
4.0,65.0,5.141388889,0.0,1,65,1,2.483870968,4.483333333,4.0,4.26346948239624,-0.26346948239624
13.0,138.0,5.161666667,1.0,1,65,1,2.483870968,4.483333333,13.0,8.06167070086006,4.938329299139941
20.0,183.0,5.174166667,1.0,1,65,1,2.483870968,4.483333333,20.0,8.1018115259806,11.8981884740194
9.0,187.0,5.175277778,1.0,1,65,1,2.483870968,4.483333333,9.0,8.105379599314068,0.8946204006859322
21.0,199.0,5.178611111,1.0,1,65,1,2.483870968,4.483333333,21.0,8.116083819314472,12.883916180685528
12.0,164.0,5.168888889,1.0,1,65,1,2.483870968,4.483333333,12.0,8.084863177575212,3.915136822424788
1.0,226.0,5.186111111,1.0,1,65,1,2.483870968,4.483333333,1.0,8.140168314386795,-7.140168314386795
6.0,231.0,5.1875,0.0,1,65,1,2.483870968,4.483333333,6.0,4.411544526163651,1.5884554738363494
3.0,85.0,6.0425,1.0,1,89,1,2.0,3.966666667,3.0,7.7956115478106005,-4.7956115478106005
15.0,76.0,6.04,1.0,1,89,1,2.0,3.966666667,15.0,7.787583382786493,7.212416617213507
8.0,119.0,6.051944444,0.0,1,89,1,2.0,3.966666667,8.0,4.092856291278903,3.9071437087210974
10.0,126.0,6.053888889,0.0,1,89,1,2.0,3.966666667,10.0,4.099100419683887,5.900899580316113
15.0,142.0,6.058333333,0.0,1,89,1,2.0,3.966666667,15.0,4.113372713017759,10.886627286982241
26.0,223.0,6.080833333,1.0,1,89,1,2.0,3.966666667,26.0,7.918710078148515,18.081289921851486
0.050962883,7.0,6.899722222,1.0,1,77,1,1.919090428,6.133333333,0.050962883,7.884513566651012,-7.833550683651012
5.0,47.0,6.910833333,0.0,1,77,1,1.919090428,6.133333333,5.0,4.187110420167127,0.8128895798328726
3.0,140.0,6.936666667,0.0,1,77,1,1.919090428,6.133333333,3.0,4.270068125479723,-1.2700681254797228
13.0,246.0,6.966111111,0.0,1,77,1,1.919090428,6.133333333,13.0,4.364622069054674,8.635377930945326
0.09619989,366.0,6.999444444,1.0,1,77,1,1.919090428,6.133333333,0.09619989,8.204748149258158,-8.108548259258159
3.0,318.0,6.986111111,1.0,1,77,1,1.919090428,6.133333333,3.0,8.161931269161322,-5.161931269161322
0.063771569,368.0,7.0,1.0,1,31,4,1.475409836,15.31666667,0.063771569,7.340231008458016,-7.276459439458016
0.081091814,537.0,7.046944444,0.0,1,31,4,1.475409836,15.31666667,0.081091814,3.757898227287938,-3.676806413287938
2.0,62.0,7.379722222,0.0,1,31,4,1.475409836,15.31666667,2.0,3.3784403781299464,-1.3784403781299464
1.0,570.0,7.520833333,0.0,1,28,2,1.055526177,12.38333333,1.0,4.423694077981262,-3.4236940779812617
2.0,660.0,7.545833333,0.0,1,28,2,1.055526177,12.38333333,2.0,4.503975728222342,-2.5039757282223416
0.032779517,784.0,7.580277778,0.0,1,28,2,1.055526177,12.38333333,0.032779517,4.614586001940728,-4.581806484940728
10.0,811.0,7.587777778,0.0,1,28,2,1.055526177,12.38333333,10.0,4.638670497013052,5.361329502986948
22.0,825.0,7.591666667,0.0,1,28,2,1.055526177,12.38333333,22.0,4.6511587537278,17.3488412462722
0.068238813,857.0,7.600555556,1.0,1,28,2,1.055526177,12.38333333,0.068238813,8.41278722040455,-8.344548407404549
11.0,908.0,7.614722222,1.0,1,28,2,1.055526177,12.38333333,11.0,8.45828015547768,2.5417198445223192
1.0,17.0,7.741666667,0.0,1,28,2,1.055526177,12.38333333,1.0,3.9660625466311754,-2.9660625466311754
2.0,22.0,7.743055556,0.0,1,28,2,1.055526177,12.38333333,2.0,3.9705226383218153,-1.9705226383218153
13.0,20.0,8.102222222,0.0,1,28,2,1.0,5.516666667,13.0,3.892152751658466,9.107847248341534
0.043905767,33.0,8.105833333,1.0,1,28,2,1.0,5.516666667,0.043905767,7.636832869929829,-7.592927102929829
0.042707344,17.0,8.101388889,1.0,1,28,2,1.0,5.516666667,0.042707344,7.622560576595956,-7.579853232595956
1.0,99.0,8.124166667,0.0,1,28,2,1.0,5.516666667,1.0,3.962622200256314,-2.962622200256314
0.076705397,142.0,8.136111111,1.0,1,28,2,1.0,5.516666667,0.076705397,7.734062868576296,-7.657357471576296
3.0,140.0,8.135555556,0.0,1,28,2,1.0,5.516666667,3.0,3.999194952043385,-0.9991949520433852
0.040958086,38.0,8.446388889,0.0,1,28,2,1.0,5.516666667,0.040958086,3.9405045393479923,-3.8995464533479924
0.014419381,168.0,8.4825,1.0,1,28,2,1.0,5.516666667,0.014419381,7.789550802932757,-7.775131421932757
0.056999457,159.0,8.48,1.0,1,28,2,1.0,5.516666667,0.056999457,7.781522637908648,-7.7245231809086485
0.099530937,160.0,8.480277778,1.0,1,28,2,1.0,5.516666667,0.099530937,7.7824146562658205,-7.682883719265821
22.0,166.0,8.481944444,0.0,1,28,2,1.0,5.516666667,22.0,4.054682886304627,17.945317113695374
3.0,106.0,8.736111111,0.0,1,15,3,1.0,11.58333333,3.0,3.812315216473016,-0.8123152164730159
5.0,106.0,8.931666667,0.0,1,15,3,1.0,11.58333333,5.0,3.830936020902836,1.1690639790971642
0.040564984,445.0,9.323055556,1.0,1,7,2,1.0,30.53333333,0.040564984,8.573246038539533,-8.532681054539534
8.0,47.0,2.662777778,1.0,1,64,5,3.0,8.05,8.0,6.467757991982375,1.532242008017625
5.0,199.0,2.705,1.0,1,64,5,3.0,8.05,5.0,6.603344779035037,-1.6033447790350372
17.0,214.0,2.9,1.0,1,64,5,3.0,8.05,17.0,6.634896208356769,10.365103791643232
1.0,127.0,3.389722222,1.0,1,38,1,3.0,2.166666667,1.0,8.177181554003223,-7.177181554003223
2.0,18.0,3.732777778,0.0,1,39,2,3.0,12.75,2.0,4.145890970305069,-2.145890970305069
1.0,79.0,3.749722222,0.0,1,39,2,3.0,12.75,1.0,4.200304088759481,-3.2003040887594807
2.0,105.0,3.756944444,0.0,1,39,2,3.0,12.75,2.0,4.223496565474632,-2.2234965654746324
5.0,576.0,3.887777778,1.0,1,39,2,3.0,12.75,5.0,8.376721081713546,-3.376721081713546
13.0,592.0,3.892222222,1.0,1,39,2,3.0,12.75,13.0,8.390993375047419,4.609006624952581
15.0,623.0,3.900833333,1.0,1,39,2,3.0,12.75,15.0,8.41864594345321,6.58135405654679
1.0,35.0,3.97,0.0,1,39,2,3.0,12.75,1.0,4.1831939372125015,-3.1831939372125015
3.0,74.0,3.980833333,0.0,1,39,2,3.0,12.75,3.0,4.2179826522852295,-1.2179826522852295
2.0,120.0,3.993611111,0.0,1,39,2,3.0,12.75,2.0,4.259015495762941,-2.2590154957629407
6.0,23.0,4.401111111,0.0,1,54,1,3.0,1.533333333,6.0,4.346788669521839,1.653211330478161
11.0,174.0,4.829722222,1.0,1,66,1,3.0,9.316666667,11.0,8.28566380691335,2.71433619308665
6.0,363.0,4.882222222,0.0,1,66,1,3.0,9.316666667,6.0,4.721171392505831,1.2788286074941686
3.0,330.0,4.873055556,1.0,1,66,1,3.0,9.316666667,3.0,8.424818667394701,-5.424818667394701
5.0,365.0,4.882777778,1.0,1,66,1,3.0,9.316666667,5.0,8.456039309133958,-3.456039309133958
5.0,365.0,4.882777778,1.0,1,66,1,3.0,9.316666667,5.0,8.456039309133958,-3.456039309133958
2.0,373.0,4.885,0.0,1,66,1,3.0,9.316666667,2.0,4.730091575887111,-2.730091575887111
4.0,401.0,4.892777778,0.0,1,66,1,3.0,9.316666667,4.0,4.755068089316606,-0.7550680893166062
1.0,408.0,4.894722222,1.0,1,66,1,3.0,9.316666667,1.0,8.494396097540156,-7.494396097540156
7.0,434.0,4.901944444,1.0,1,66,1,3.0,9.316666667,7.0,8.517588574255308,-1.5175885742553081
6.0,449.0,4.906111111,0.0,1,66,1,3.0,9.316666667,6.0,4.797884969413443,1.2021150305865573
18.0,497.0,4.919444444,0.0,1,66,1,3.0,9.316666667,18.0,4.840701849510277,13.159298150489722
5.0,496.0,4.919166667,1.0,1,66,1,3.0,9.316666667,5.0,8.572893711162111,-3.572893711162111
3.0,520.0,4.925833333,0.0,1,66,1,3.0,9.316666667,3.0,4.861218271249133,-1.8612182712491334
10.0,544.0,4.9325,1.0,1,66,1,3.0,9.316666667,10.0,8.615710591258948,1.3842894087410524
1.0,19.0,5.808888889,0.0,1,60,2,3.0,2.666666667,1.0,4.083028265079382,-3.083028265079382
0.063724824,35.0,5.813333333,0.0,1,60,2,3.0,2.666666667,0.063724824,4.097300558413254,-4.033575734413254
5.0,42.0,5.815277778,1.0,1,60,2,3.0,2.666666667,5.0,7.836628566732023,-2.8366285667320232
6.0,74.0,5.824166667,0.0,1,60,2,3.0,2.666666667,6.0,4.132089273581202,1.8679107264187982
15.0,55.0,6.935833333,1.0,1,52,1,3.0,1.55,15.0,8.36102890839712,6.63897109160288
4.0,90.0,6.945555556,0.0,1,52,1,3.0,1.55,4.0,4.659165670317815,-0.6591656703178153
0.026148246,90.0,7.079722222,0.0,1,51,3,3.0,2.466666667,0.026148246,3.942136238234055,-3.915987992234055
5.0,60.0,7.071388889,1.0,1,51,3,3.0,2.466666667,5.0,7.648459568099221,-2.648459568099221
7.0,120.0,7.528333333,1.0,1,47,2,2.935104364,4.4,7.0,8.147228741405103,-1.1472287414051028
7.0,128.0,7.530555556,0.0,1,47,2,2.935104364,4.4,7.0,4.421281008253475,2.578718991746525
0.08833199,139.0,7.533611111,0.0,1,47,2,2.935104364,4.4,0.08833199,4.431093209896707,-4.3427612198967065
8.0,170.0,7.542222222,0.0,1,47,2,2.935104364,4.4,8.0,4.458745778302498,3.5412542216975016
28.0,195.0,7.549166667,1.0,1,47,2,2.935104364,4.4,28.0,8.214130116669482,19.78586988333052
6.0,211.0,7.553611111,0.0,1,47,2,2.935104364,4.4,6.0,4.495318530089571,1.5046814699104294
15.0,31.0,8.1225,1.0,1,30,3,2.611764706,4.233333333,15.0,7.748099338672107,7.251900661327893
2.0,45.0,8.126388889,0.0,1,30,3,2.611764706,4.233333333,2.0,4.027503715473069,-2.0275037154730686
3.0,194.0,8.305,0.0,1,30,3,2.611764706,4.233333333,3.0,4.173480750607005,-1.1734807506070046
3.0,172.0,8.554722222,0.0,1,6,2,2.258823529,42.43333333,3.0,5.100038982697415,-2.1000389826974146
17.0,115.0,9.978888889,1.0,1,8,5,2.0,18.65,17.0,7.380121259632196,9.619878740367804
1.0,370.0,10.04972222,0.0,1,10,4,2.0,6.383333333,1.0,4.0703896061358344,-3.0703896061358344
3.0,56.0,10.63222222,0.0,1,10,2,2.0,21.8,3.0,4.81127146021817,-1.8112714602181699
0.025345863,2.0,-0.169166667,0.0,1,15,1,3.899524061,7.483333333,0.025345863,4.492979121145985,-4.467633258145985
0.096196,76.0,-0.148611111,0.0,1,15,1,3.899524061,7.483333333,0.096196,4.558988478053192,-4.462792478053192
0.063701466,91.0,-0.144444444,0.0,1,15,1,3.899524061,7.483333333,0.063701466,4.5723687531251125,-4.508667287125112
0.094784549,105.0,1.341944444,0.0,1,21,3,3.0,4.616666667,0.094784549,3.6160583145264535,-3.5212737655264537
0.076254237,166.0,1.358888889,1.0,1,21,3,3.0,4.616666667,0.076254237,7.403555312989871,-7.327301075989872
0.014184241,383.0,1.419166667,1.0,1,21,3,3.0,4.616666667,0.014184241,7.597123291925633,-7.582939050925633
9.0,0.0,2.198055556,1.0,1,35,2,3.0,0.966666667,9.0,7.581241147659651,1.418758852340349
28.0,46.0,2.210833333,1.0,1,35,2,3.0,0.966666667,28.0,7.622273991042142,20.377726008957858
1.0,85.0,3.725555556,0.0,1,54,1,3.0,10.91666667,1.0,4.46335510386384,-3.46335510386384
5.0,188.0,3.754166667,0.0,1,54,1,3.0,10.91666667,5.0,4.5552329924624955,0.44476700753750453
0.047647063,0.0,4.036944444,1.0,1,76,1,3.0,2.85,0.047647063,7.9125063380853895,-7.864859275085389
2.0,44.0,4.049166667,0.0,1,76,1,3.0,2.85,2.0,4.218671265030192,-2.218671265030192
1.0,60.0,4.053611111,0.0,1,76,1,3.0,2.85,1.0,4.232943558364064,-3.232943558364064
0.090449811,63.0,4.054444444,1.0,1,76,1,3.0,2.85,0.090449811,7.968703493254146,-7.878253682254146
3.0,139.0,4.075555556,0.0,1,76,1,3.0,2.85,3.0,4.303413006961911,-1.303413006961911
14.0,171.0,4.084444444,0.0,1,76,1,3.0,2.85,14.0,4.331957593629655,9.668042406370345
17.0,28.0,5.060833333,1.0,1,89,1,2.465517241,5.166666667,17.0,7.817749568894614,9.182250431105386
20.0,82.0,5.075833333,1.0,1,89,1,2.465517241,5.166666667,20.0,7.865918559039262,12.134081440960738
0.099179779,206.0,5.110277778,1.0,1,89,1,2.465517241,5.166666667,0.099179779,7.97652883275765,-7.87734905375765
11.0,309.0,5.138888889,0.0,1,89,1,2.465517241,5.166666667,11.0,4.33532284144252,6.66467715855748
0.043720185,11.0,5.611944444,1.0,1,100,3,2.043381535,5.366666667,0.043720185,6.909910754460834,-6.8661905694608345
2.0,8.0,5.611111111,0.0,1,100,3,2.043381535,5.366666667,2.0,3.174150819570753,-1.174150819570753
2.0,47.0,5.735277778,1.0,1,100,3,2.043381535,5.366666667,2.0,6.952815017163502,-4.952815017163502
6.0,66.0,5.740555556,1.0,1,100,3,2.043381535,5.366666667,6.0,6.969763365568889,-0.9697633655688893
5.0,78.0,5.743888889,1.0,1,100,3,2.043381535,5.366666667,5.0,6.9804675855692935,-1.9804675855692935
3.0,87.0,5.746388889,0.0,1,100,3,2.043381535,5.366666667,3.0,3.255411870679616,-0.255411870679616
0.069546705,132.0,5.758888889,1.0,1,100,3,2.043381535,5.366666667,0.069546705,7.028636575713941,-6.9590898707139415
0.035887407,143.0,5.761944444,1.0,1,100,3,2.043381535,5.366666667,0.035887407,7.038448777357173,-7.002561370357173
5.0,172.0,5.77,0.0,1,100,3,2.043381535,5.366666667,5.0,3.331233429230055,1.6687665707699448
6.0,182.0,5.772777778,0.0,1,100,3,2.043381535,5.366666667,6.0,3.340153612611335,2.659846387388665
0.087634798,206.0,5.779444444,0.0,1,100,3,2.043381535,5.366666667,0.087634798,3.361562052612143,-3.273927254612143
3.0,211.0,5.780833333,0.0,1,100,3,2.043381535,5.366666667,3.0,3.366022144302783,-0.3660221443027831
0.09694048,38.0,6.026666667,1.0,1,78,2,2.0,11.23333333,0.09694048,7.5431816478413065,-7.446241167841307
0.038141769,5.0,6.0175,0.0,1,78,2,2.0,11.23333333,0.038141769,3.780661162807386,-3.742519393807386
2.0,58.0,6.032222222,0.0,1,78,2,2.0,11.23333333,2.0,3.827938134594861,-1.827938134594861
2.0,119.0,6.049166667,0.0,1,78,2,2.0,11.23333333,2.0,3.882351253144493,-1.8823512531444928
4.0,105.0,6.409444444,0.0,1,78,2,2.0,11.23333333,4.0,3.9045389545367364,0.09546104546326362
5.0,180.0,6.430277778,0.0,1,78,2,2.0,11.23333333,5.0,3.9714403298011156,1.0285596701988844
3.0,187.0,6.432222222,0.0,1,78,2,2.0,11.23333333,3.0,3.97768445811088,-0.9776844581108799
5.0,247.0,6.448888889,0.0,1,78,2,2.0,11.23333333,5.0,4.0312055583033395,0.9687944416966605
0.020820512,252.0,6.450277778,0.0,1,78,2,2.0,11.23333333,0.020820512,4.035665649993979,-4.014845137993979
9.0,419.0,6.496666667,1.0,1,78,2,2.0,11.23333333,9.0,7.917716592032347,1.0822834079676529
1.0,436.0,6.501388889,0.0,1,78,1,2.0,2.766666667,1.0,4.459084252347247,-3.459084252347247
4.0,592.0,6.544722222,1.0,1,78,1,2.0,2.766666667,4.0,8.331322992647165,-4.331322992647165
21.0,572.0,6.539166667,0.0,1,78,1,2.0,2.766666667,21.0,4.580398746066038,16.419601253933962
1.0,36.0,7.544166667,0.0,1,41,3,1.897849462,16.86666667,1.0,3.842237462456472,-2.842237462456472
1.0,66.0,7.5525,0.0,1,41,3,1.897849462,16.86666667,1.0,3.868998012505092,-2.868998012505092
6.0,169.0,7.581111111,0.0,1,41,3,1.897849462,16.86666667,6.0,3.9608759011037473,2.0391240988962527
2.0,452.0,7.659722222,1.0,1,41,3,1.897849462,16.86666667,2.0,7.946400970098345,-5.946400970098345
0.071250736,466.0,7.663611111,1.0,1,41,3,1.897849462,16.86666667,0.071250736,7.958889226813094,-7.887638490813094
4.0,485.0,7.668888889,0.0,1,41,3,1.897849462,16.86666667,4.0,4.242753695304696,-0.24275369530469604
7.0,499.0,7.672777778,0.0,1,41,3,1.897849462,16.86666667,7.0,4.255241952019444,2.7447580479805556
3.0,783.0,7.751666667,0.0,1,41,3,1.897849462,16.86666667,3.0,4.508575159457429,-1.508575159457429
2.0,902.0,7.784722222,0.0,1,41,3,1.897849462,16.86666667,2.0,4.614725341389956,-2.6147253413899563
0.014550835,903.0,7.785,1.0,1,41,3,1.897849462,16.86666667,0.014550835,8.348701239660915,-8.334150404660916
12.0,63.0,8.2625,0.0,1,29,2,1.433333333,13.68333333,12.0,4.187826880911635,7.812173119088365
2.0,26.0,8.252222222,1.0,1,29,2,1.433333333,13.68333333,2.0,7.887906082371817,-5.887906082371817
0.025349973,402.0,8.356666667,1.0,1,29,2,1.433333333,13.68333333,0.025349973,8.223304976765226,-8.197955003765225
0.094601342,708.0,8.441666667,1.0,1,29,2,1.433333333,13.68333333,0.094601342,8.496262587584894,-8.401661245584894
26.0,740.0,8.450555556,1.0,1,29,2,1.433333333,13.68333333,26.0,8.524807174347858,17.475192825652144
0.044300625,192.0,9.265,0.0,1,7,3,1.0,12.45,0.044300625,3.9963694814054427,-3.9520688564054427
0.09536188,315.0,9.299166667,0.0,1,7,3,1.0,12.45,0.09536188,4.106087736766658,-4.010725856766658
0.091074825,109.0,9.688333333,0.0,1,7,4,1.0,14.78333333,0.091074825,3.6223886803708014,-3.5313138553708012
0.017597713,389.0,1.414722222,0.0,1,15,1,3.538461538,11.6,0.017597713,4.919271611723238,-4.901673898723238
0.032534418,695.0,1.499722222,0.0,1,15,1,3.538461538,11.6,0.032534418,5.192229222542908,-5.159694804542908
4.0,710.0,1.503888889,0.0,1,17,1,3.104218362,4.983333333,4.0,4.965328328398211,-0.9653283283982113
14.0,759.0,1.5175,1.0,1,17,1,3.104218362,4.983333333,14.0,8.742121106766003,5.257878893233997
20.0,4.0,3.5725,1.0,1,53,1,2.914905451,13.45,20.0,8.124863239525311,11.875136760474689
2.0,9.0,3.573888889,0.0,1,53,1,2.914905451,13.45,2.0,4.396239451302164,-2.396239451302164
8.0,144.0,3.611388889,1.0,1,53,1,2.914905451,13.45,8.0,8.249745806577568,-0.24974580657756817
0.097800752,184.0,3.6225,1.0,1,53,1,2.914905451,13.45,0.097800752,8.285426540007467,-8.187625788007468
0.063312201,428.0,3.690277778,1.0,1,53,1,2.914905451,13.45,0.063312201,8.503079014015555,-8.439766813015554
2.0,521.0,3.716111111,0.0,1,53,1,2.914905451,13.45,2.0,4.852952839319143,-2.8529528393191432
18.0,490.0,3.7075,1.0,1,53,1,2.914905451,13.45,18.0,8.558384150827138,9.441615849172862
5.0,529.0,3.718333333,1.0,1,53,1,2.914905451,13.45,5.0,8.593172865899865,-3.5931728658998647
0.078489345,776.0,3.786944444,0.0,1,53,1,2.914905451,13.45,0.078489345,5.080417514970461,-5.00192816997046
22.0,239.0,6.196944444,1.0,1,45,1,2.0,17.81666667,22.0,8.392675390672132,13.607324609327868
9.0,290.0,6.211111111,1.0,1,45,1,2.0,17.81666667,9.0,8.438168325840483,0.5618316741595173
4.0,304.0,6.215,0.0,1,45,1,2.0,17.81666667,4.0,4.717572702641445,-0.7175727026414451
0.085746166,315.0,6.218055556,1.0,1,45,1,2.0,17.81666667,0.085746166,8.460468784293683,-8.374722618293683
4.0,323.0,6.220277778,0.0,1,45,1,2.0,17.81666667,4.0,4.7345210510468325,-0.7345210510468325
0.040027684,407.0,6.243611111,1.0,1,45,1,2.0,17.81666667,0.040027684,8.542534471153886,-8.502506787153886
5.0,445.0,6.254166667,1.0,1,45,1,2.0,17.81666667,5.0,8.576431167964662,-3.576431167964662
0.076567662,633.0,6.306388889,0.0,1,45,1,2.0,17.81666667,0.076567662,5.01104673519997,-4.934479073199969
0.055695432,808.0,6.355,1.0,1,45,1,2.0,17.81666667,0.055695432,8.900233823905273,-8.844538391905273
0.072746343,800.0,6.352777778,1.0,1,45,1,2.0,17.81666667,0.072746343,8.89309767723834,-8.820351334238339
3.0,925.0,6.3875,0.0,1,45,1,2.0,17.81666667,3.0,5.271516089304891,-2.2715160893048907
1.0,91.0,7.395555556,0.0,1,42,1,2.0,7.783333333,1.0,4.52739210746551,-3.52739210746551
0.094277126,63.0,7.387777778,0.0,1,42,1,2.0,7.783333333,0.094277126,4.502415594036013,-4.408138468036014
7.0,162.0,7.415277778,0.0,1,42,1,2.0,7.783333333,7.0,4.590725409301201,2.409274590698799
0.019462583,142.0,7.409722222,0.0,1,42,1,2.0,7.783333333,0.019462583,4.572885042538641,-4.553422459538641
4.0,222.0,7.431944444,0.0,1,42,1,2.0,7.783333333,4.0,4.64424650939844,-0.6442465093984397
0.037865482,191.0,7.423333333,0.0,1,42,1,2.0,7.783333333,0.037865482,4.616593940992648,-4.578728458992648
0.037828205,291.0,7.451111111,1.0,1,42,1,2.0,7.783333333,0.037828205,8.438879654528794,-8.401051449528794
22.0,288.0,7.450277778,1.0,1,42,1,2.0,7.783333333,22.0,8.436203599552497,13.563796400447503
0.099086619,624.0,7.543611111,0.0,1,32,1,1.901144641,6.883333333,0.099086619,5.018441411463337,-4.919354792463337
0.033212611,630.0,7.545277778,1.0,1,32,1,1.901144641,6.883333333,0.033212611,8.756877401424934,-8.723664790424934
0.096084094,878.0,7.614166667,1.0,1,32,1,1.901144641,6.883333333,0.096084094,8.978097948766488,-8.882013854766488
7.0,605.0,8.582777778,1.0,1,10,1,1.047346514,30.0,7.0,9.005410075585605,-2.005410075585605
6.0,653.0,8.596111111,0.0,1,10,1,1.047346514,30.0,6.0,5.315143075768654,0.6848569242313456
2.0,38.0,1.926388889,1.0,1,39,1,3.0,1.85,2.0,7.950575748385752,-5.950575748385752
2.0,109.0,1.946111111,1.0,1,39,1,3.0,1.85,2.0,8.013909050221445,-6.013909050221445
6.0,139.0,2.853611111,1.0,1,23,2,3.0,8.416666667,6.0,7.936246217274861,-1.936246217274861
11.0,228.0,2.878333333,0.0,1,23,2,3.0,8.416666667,11.0,4.282551969244982,6.717448030755018
13.0,407.0,2.928055556,1.0,1,23,2,3.0,8.416666667,13.0,8.175307131378975,4.824692868621025
4.0,616.0,4.154444444,1.0,1,41,1,3.0,12.15,4.0,8.790810457158099,-4.7908104571580985
9.0,655.0,4.165277778,1.0,1,41,1,3.0,12.15,9.0,8.825599172326047,0.17440082767395282
12.0,673.0,4.170277778,1.0,1,41,1,3.0,12.15,12.0,8.841655502374262,3.1583444976257375
11.0,685.0,4.173611111,1.0,1,41,1,3.0,12.15,11.0,8.852359722374667,2.1476402776253334
2.0,773.0,4.198055556,0.0,1,41,1,3.0,12.15,2.0,5.197773456082838,-3.197773456082838
19.0,41.0,4.780833333,1.0,1,52,1,3.0,3.516666667,19.0,8.170377626397823,10.829622373602177
4.0,16.0,4.773888889,0.0,1,52,1,3.0,3.516666667,4.0,4.414993288126057,-0.4149932881260572
1.0,62.0,4.786666667,1.0,1,52,1,3.0,3.516666667,1.0,8.189110011517554,-7.189110011517554
4.0,50.0,4.783333333,1.0,1,52,1,3.0,3.516666667,4.0,8.17840579142193,-4.17840579142193
14.0,134.0,4.806666667,1.0,1,52,1,3.0,3.516666667,14.0,8.253335331710419,5.746664668289581
5.0,210.0,4.827777778,0.0,1,52,1,3.0,3.516666667,5.0,4.588044845322964,0.41195515467703636
0.095162728,11.0,5.150555556,0.0,1,45,1,3.0,15.73333333,0.095162728,4.653741725469497,-4.558578997469497
2.0,177.0,5.196666667,0.0,1,45,1,3.0,15.73333333,2.0,4.801816769236908,-2.8018167692369076
3.0,241.0,5.214444444,0.0,1,45,1,3.0,15.73333333,3.0,4.858905942667614,-1.8589059426676142
2.0,304.0,5.231944444,0.0,1,45,1,3.0,15.73333333,2.0,4.91510309783637,-2.9151030978363703
3.0,276.0,5.224166667,1.0,1,45,1,3.0,15.73333333,3.0,8.62321046441588,-5.62321046441588
2.0,271.0,5.222777778,0.0,1,45,1,3.0,15.73333333,2.0,4.885666492811454,-2.8856664928114544
0.042360901,250.0,5.216944444,0.0,1,45,1,3.0,15.73333333,0.042360901,4.866934107691723,-4.824573206691722
8.0,352.0,5.245277778,1.0,1,45,1,3.0,15.73333333,8.0,8.691003857942212,-0.6910038579422118
13.0,377.0,5.252222222,0.0,1,45,1,3.0,15.73333333,13.0,4.980220436386405,8.019779563613595
4.0,649.0,5.327777778,1.0,1,45,1,3.0,15.73333333,4.0,8.955933303737773,-4.955933303737773
18.0,819.0,5.375,1.0,1,45,1,3.0,15.73333333,18.0,9.107576420838651,8.892423579161349
2.0,889.0,5.394444444,0.0,1,45,1,3.0,15.73333333,2.0,5.4369338244033845,-3.4369338244033845
1.0,915.0,5.401666667,0.0,1,45,1,3.0,15.73333333,1.0,5.460126301213756,-4.460126301213756
8.0,932.0,5.406388889,1.0,1,45,1,3.0,15.73333333,8.0,9.208374492818587,-1.2083744928185869
2.0,1.0,7.231111111,0.0,1,48,1,2.0,3.416666667,2.0,4.338997735796162,-2.3389977357961618
4.0,386.0,8.188055556,0.0,1,12,1,2.0,8.916666667,4.0,5.0517016380577715,-1.0517016380577715
7.0,257.0,8.608611111,1.0,1,6,4,2.0,21.23333333,7.0,7.793542962147375,-0.7935429621473746
4.0,295.0,8.619166667,0.0,1,6,4,2.0,21.23333333,4.0,4.094355779044363,-0.09435577904436343
19.0,125.0,10.37722222,1.0,1,8,4,2.0,16.41666667,19.0,7.770510580077168,11.229489419922832
4.0,618.0,-0.198611111,0.0,1,21,1,4.0,18.36666667,4.0,5.167394285939522,-1.1673942859395217
1.0,703.0,-0.175,0.0,1,21,1,4.0,18.36666667,1.0,5.243215844489961,-4.243215844489961
1.0,939.0,-0.109444444,0.0,1,21,1,4.0,18.36666667,1.0,5.453732171831111,-4.453732171831111
1.0,62.0,2.120277778,0.0,1,19,1,3.0,11.45,1.0,4.505651825908407,-3.505651825908407
1.0,443.0,2.226111111,0.0,1,19,1,3.0,11.45,1.0,4.845510811897236,-3.8455108118972356
4.0,275.0,2.833888889,0.0,1,15,1,3.0,4.883333333,4.0,4.692682983248033,-0.6926829832480328
23.0,261.0,3.858611111,0.0,1,17,1,3.0,4.783333333,23.0,4.764907326292083,18.235092673707918
10.0,130.0,4.592777778,0.0,1,20,1,3.0,6.3,10.0,4.724175736689345,5.275824263310655
2.0,10.0,5.434166667,0.0,1,30,1,3.0,4.116666667,2.0,4.611441602861441,-2.611441602861441
19.0,12.0,5.434722222,1.0,1,30,1,3.0,4.116666667,19.0,8.346309519394351,10.653690480605649
1.0,142.0,5.470833333,0.0,1,30,1,3.0,4.116666667,1.0,4.729188023151544,-3.7291880231515444
2.0,253.0,5.501666667,1.0,1,34,1,3.0,7.216666667,2.0,8.579566738814353,-6.5795667388143535
6.0,280.0,5.509166667,1.0,1,34,1,3.0,7.216666667,6.0,8.603651233886678,-2.603651233886678
22.0,296.0,5.513611111,1.0,1,34,1,3.0,7.216666667,22.0,8.61792352722055,13.38207647277945
20.0,396.0,5.541388889,1.0,1,34,1,3.0,7.216666667,20.0,8.707125360842909,11.292874639157091
22.0,408.0,5.544722222,0.0,1,34,1,3.0,7.216666667,22.0,4.984745700929526,17.015254299070474
7.0,433.0,5.551666667,0.0,1,34,1,3.0,7.216666667,7.0,5.0070461593827265,1.9929538406172735
4.0,627.0,5.605555556,1.0,1,34,1,3.0,7.216666667,4.0,8.913181596493418,-4.913181596493418
2.0,99.0,6.248333333,1.0,1,36,2,3.0,1.9,2.0,8.059316977928729,-6.059316977928729
0.010871342,404.0,6.995555556,1.0,1,35,2,3.0,14.0,0.010871342,8.564466383039731,-8.553595041039731
4.0,449.0,7.008055556,1.0,1,35,4,3.0,17.03333333,4.0,7.897564137995029,-3.8975641379950288
7.0,507.0,7.024166667,1.0,1,35,4,3.0,17.03333333,7.0,7.949301201473144,-0.9493012014731441
6.0,481.0,7.016944444,1.0,1,35,4,3.0,17.03333333,6.0,7.926108724662772,-1.9261087246627717
1.0,23.0,8.5025,0.0,1,11,2,3.0,7.133333333,1.0,4.694498462488622,-3.694498462488622
23.0,489.0,9.026111111,1.0,1,4,7,3.0,44.31666667,23.0,7.55609659833147,15.44390340166853
0.019932178,110.0,9.813055556,0.0,1,3,4,3.0,25.2,0.019932178,4.438889861112095,-4.418957683112095
6.0,260.0,-0.015277778,1.0,1,18,1,3.94057725,5.25,6.0,8.42904933869115,-2.4290493386911507
3.0,9.0,0.530555556,1.0,1,31,2,3.051499717,3.566666667,3.0,7.505704984775393,-4.505704984775393
1.0,51.0,0.542222222,1.0,1,31,2,3.051499717,3.566666667,1.0,7.543169754824417,-6.543169754824417
1.0,146.0,0.568611111,1.0,1,31,2,3.051499717,3.566666667,1.0,7.627911496756136,-6.627911496756136
18.0,89.0,1.670555556,0.0,1,27,2,3.0,5.383333333,18.0,3.982352934165036,14.017647065834964
1.0,124.0,1.680277778,1.0,1,27,2,3.0,5.383333333,1.0,7.746657455818081,-6.746657455818081
4.0,317.0,1.733888889,1.0,1,27,2,3.0,5.383333333,4.0,7.918816994657815,-3.9188169946578153
1.0,293.0,3.592777778,0.0,1,20,5,3.0,25.71666667,1.0,3.536968433789088,-2.536968433789088
16.0,5.0,3.868611111,1.0,1,20,5,3.0,25.71666667,16.0,7.047033490883185,8.952966509116816
1.0,451.0,3.9925,0.0,1,20,5,3.0,25.71666667,1.0,3.711789788841327,-2.711789788841327
2.0,448.0,3.991666667,0.0,1,20,5,3.0,25.71666667,2.0,3.7091137338650313,-1.7091137338650313
13.0,453.0,8.133333333,1.0,1,25,3,2.0,12.05,13.0,8.05468751790835,4.94531248209165
1.0,566.0,8.164722222,1.0,1,25,3,2.0,12.05,1.0,8.155485589888285,-7.1554855898882845
1.0,625.0,8.181111111,0.0,1,25,3,2.0,12.05,1.0,4.475030791809787,-3.475030791809787
20.0,137.0,8.500833333,1.0,1,10,3,2.0,42.88333333,20.0,8.323296282424026,11.676703717575974
1.0,790.0,-0.1675,1.0,1,31,1,3.896118097,23.21666667,1.0,9.025521244046233,-8.025521244046233
4.0,930.0,-0.128611111,1.0,1,31,1,3.896118097,23.21666667,4.0,9.150403811098492,-5.150403811098492
2.0,43.0,0.949166667,1.0,1,11,4,3.030071077,6.733333333,2.0,6.981674110772371,-4.981674110772371
0.042337019,40.0,1.61,1.0,1,11,3,3.0,10.08333333,0.042337019,7.4519058776130995,-7.4095688586131
22.0,200.0,4.460277778,1.0,1,46,2,3.0,3.883333333,22.0,7.943993073654158,14.056006926345841
28.0,326.0,4.495277778,0.0,1,46,2,3.0,3.883333333,28.0,4.323303504077884,23.676696495922116
2.0,339.0,4.498888889,0.0,1,46,2,3.0,3.883333333,2.0,4.33489974243546,-2.33489974243546
5.0,153.0,4.833888889,1.0,1,14,2,3.0,12.61666667,5.0,8.247315097141914,-3.2473150971419145
18.0,764.0,5.003611111,1.0,1,14,1,3.0,8.633333333,18.0,9.112414565955563,8.887585434044437
20.0,774.0,5.006388889,1.0,1,14,1,3.0,8.633333333,20.0,9.121334749336842,10.878665250663158
0.018395555,9.0,6.598055556,1.0,1,27,1,2.906506288,9.65,0.018395555,8.51746468381811,-8.49906912881811
4.0,385.0,6.7025,0.0,1,27,1,2.906506288,9.65,4.0,5.119779698202515,-1.1197796982025148
11.0,505.0,6.735833333,1.0,1,27,1,2.906506288,9.65,11.0,8.959905778405998,2.0400942215940017
4.0,519.0,6.739722222,0.0,1,27,1,2.906506288,9.65,4.0,5.239310155206962,-1.2393101552069616
10.0,555.0,6.749722222,0.0,1,27,1,2.906506288,9.65,10.0,5.271422815303394,4.728577184696606
10.0,142.0,7.604722222,1.0,1,30,5,2.036085293,36.7,10.0,7.30305178548376,2.6969482145162402
1.0,164.0,7.610833333,0.0,1,30,5,2.036085293,36.7,1.0,3.5895923089516577,-2.5895923089516577
5.0,248.0,7.634166667,0.0,1,30,5,2.036085293,36.7,5.0,3.6645218492401455,1.3354781507598545
6.0,593.0,7.73,1.0,1,30,5,2.036085293,36.7,6.0,7.705352055046328,-1.705352055046328
0.062233499,547.0,7.717222222,0.0,1,30,5,2.036085293,36.7,0.062233499,3.931235331654831,-3.869001832654831
8.0,620.0,7.7375,0.0,1,30,5,2.036085293,36.7,8.0,3.996352670204866,4.003647329795134
5.0,636.0,7.741944444,1.0,1,30,5,2.036085293,36.7,5.0,7.743708843452524,-2.7437088434525236
8.0,810.0,7.790277778,1.0,1,30,5,2.036085293,36.7,8.0,7.89892003398209,0.10107996601790958
4.0,23.0,7.981388889,1.0,1,30,5,2.036085293,36.7,4.0,7.235915362722633,-3.2359153627226327
1.0,275.0,8.9475,0.0,1,17,2,2.0,15.46666667,1.0,4.71297305367679,-3.71297305367679
2.0,224.0,8.933333333,1.0,1,17,2,2.0,15.46666667,2.0,8.400563998422225,-6.400563998422225
22.0,310.0,8.957222222,0.0,1,17,2,2.0,15.46666667,22.0,4.74419369541605,17.25580630458395
6.0,54.0,1.044166667,1.0,1,16,3,3.0,27.83333333,6.0,7.6211258128703365,-1.6211258128703365
10.0,275.0,1.353055556,0.0,1,16,3,3.0,27.83333333,10.0,4.10874494077871,5.89125505922129
17.0,645.0,1.455833333,1.0,1,16,3,3.0,27.83333333,17.0,8.171875604942873,8.828124395057127
1.0,43.0,3.176944444,0.0,1,27,3,3.0,5.716666667,1.0,3.7164089495691877,-2.7164089495691877
8.0,28.0,3.172777778,0.0,1,27,3,3.0,5.716666667,8.0,3.703028674592488,4.296971325407512
16.0,167.0,4.226111111,1.0,1,20,1,3.0,3.083333333,16.0,8.410757197289367,7.589242802710633
14.0,695.0,5.658888889,1.0,1,14,3,3.0,36.91666667,14.0,8.750404894910352,5.249595105089648
19.0,766.0,5.678611111,0.0,1,14,3,3.0,36.91666667,19.0,5.080654316832257,13.919345683167743
2.0,13.0,6.658055556,0.0,1,26,1,2.871523915,5.55,2.0,4.732729925792721,-2.7327299257927207
2.0,233.0,6.719166667,0.0,1,26,1,2.871523915,5.55,2.0,4.928973959704778,-2.928973959704778
1.0,81.0,7.392222222,0.0,1,31,1,2.379310345,2.083333333,1.0,4.6275966018046635,-3.6275966018046635
1.0,179.0,8.043888889,1.0,1,17,2,2.0,8.25,1.0,8.179070492242994,-7.179070492242994
18.0,237.0,8.06,1.0,1,17,2,2.0,8.25,18.0,8.23080755572111,9.76919244427889
14.0,264.0,2.595833333,1.0,1,20,2,3.0,28.76666667,14.0,8.313633951941775,5.686366048058225
15.0,90.0,3.425555556,1.0,1,22,2,3.0,2.766666667,15.0,7.8776241283729025,7.1223758716270975
23.0,44.0,3.522777778,1.0,1,23,2,3.0,4.133333333,23.0,7.859658032495081,15.14034196750492
1.0,62.0,4.048888889,0.0,1,21,1,3.0,1.05,1.0,4.536405847630525,-3.536405847630525
3.0,118.0,6.581666667,1.0,1,26,1,3.0,13.61666667,3.0,8.699833089991955,-5.699833089991955
1.0,116.0,6.581111111,1.0,1,26,1,3.0,13.61666667,1.0,8.698049053277611,-7.698049053277611
27.0,210.0,6.607222222,1.0,1,26,1,3.0,13.61666667,27.0,8.781898776852158,18.21810122314784
16.0,202.0,6.605,1.0,1,26,1,3.0,13.61666667,16.0,8.774762630185222,7.225237369814778
0.092315438,270.0,6.623888889,1.0,1,26,1,3.0,13.61666667,0.092315438,8.835419877044616,-8.743104439044616
16.0,657.0,6.731388889,1.0,1,26,1,3.0,13.61666667,16.0,9.180630973081257,6.819369026918743
5.0,783.0,6.766388889,1.0,1,26,1,3.0,13.61666667,5.0,9.293025283418768,-4.293025283418768
12.0,377.0,7.871944444,1.0,1,15,2,3.0,7.05,12.0,8.64907034119593,3.35092965880407
1.0,536.0,8.258055556,0.0,1,27,1,3.0,15.61666667,1.0,5.509362403609473,-4.509362403609473
1.0,557.0,8.263888889,1.0,1,27,1,3.0,15.61666667,1.0,9.261178668547771,-8.261178668547771
2.0,581.0,8.270555556,0.0,1,27,1,3.0,15.61666667,2.0,5.549503228730013,-3.5495032287300132
3.0,737.0,8.313888889,0.0,1,27,1,3.0,15.61666667,3.0,5.688658089116143,-2.688658089116143
12.0,721.0,8.309444444,1.0,1,27,1,3.0,15.61666667,12.0,9.407469675600836,2.5925303243991635
1.0,733.0,8.312777778,0.0,1,27,1,3.0,15.61666667,1.0,5.685090015782675,-4.685090015782675
1.0,935.0,8.368888889,0.0,1,27,1,3.0,15.61666667,1.0,5.865277719646518,-4.865277719646518
5.0,756.0,9.7225,1.0,1,19,6,2.011290323,17.68333333,5.0,7.461633011079847,-2.461633011079847
1.0,737.0,9.717222222,0.0,1,19,6,2.011290323,17.68333333,1.0,3.711600782760674,-2.711600782760674
8.0,808.0,9.736944444,0.0,1,19,6,2.011290323,17.68333333,8.0,3.7749340845963655,4.2250659154036345
19.0,91.0,10.07083333,1.0,1,13,1,2.0,1.866666667,19.0,8.607192864690955,10.392807135309045
4.0,629.0,4.518888889,1.0,1,13,1,3.0,1.95,4.0,8.864726920824848,-4.8647269208248485
10.0,234.0,7.870833333,1.0,1,27,1,3.0,4.066666667,10.0,8.787568124608194,1.2124318753918057
23.0,423.0,8.3525,1.0,1,11,4,3.0,27.0,23.0,8.280724966871302,14.719275033128698
2.0,158.0,9.072777778,1.0,1,14,3,2.381818182,25.78333333,2.0,8.262271812075305,-6.262271812075305
5.0,203.0,9.085277778,1.0,1,14,3,2.381818182,25.78333333,5.0,8.302412637195843,-3.302412637195843
10.0,149.0,10.14583333,0.0,1,13,3,2.0,22.43333333,10.0,4.4621429705776405,5.5378570294223595
2.0,187.0,10.15638889,1.0,1,13,3,2.0,22.43333333,2.0,8.229123547683082,-6.229123547683082
4.0,78.0,5.644166667,1.0,1,38,1,2.008201203,1.383333333,4.0,8.022050500835201,-4.022050500835201
2.0,48.0,7.147777778,0.0,1,59,1,2.0,2.766666667,2.0,4.297613802957264,-2.2976138029572644
5.0,161.0,7.179166667,1.0,1,59,1,2.0,2.766666667,5.0,8.131495754850985,-3.1314957548509845
7.0,123.0,7.168611111,0.0,1,59,1,2.0,2.766666667,7.0,4.364515178126423,2.635484821873577
3.0,31.0,7.794166667,0.0,1,12,1,3.0,4.116666667,3.0,4.961220746784792,-1.9612207467847922
3.0,29.0,9.301111111,1.0,1,14,2,2.359375,5.55,3.0,8.26493164840266,-5.26493164840266
4.0,15.0,2.702222222,0.0,1,36,1,3.0,4.383333333,4.0,4.3236216859465255,-0.3236216859465255
1.0,105.0,2.727222222,0.0,1,36,1,3.0,4.383333333,1.0,4.4039033361876045,-3.4039033361876045
7.0,218.0,2.758611111,1.0,1,36,1,3.0,4.383333333,7.0,8.237785288081326,-1.2377852880813265
24.0,228.0,2.761388889,1.0,1,36,1,3.0,4.383333333,24.0,8.246705471462606,15.753294528537394
22.0,87.0,4.505833333,1.0,1,32,1,3.0,5.783333333,22.0,8.333500594315424,13.666499405684576
2.0,627.0,7.314722222,1.0,1,12,2,2.310344828,25.1,2.0,8.85469027294096,-6.85469027294096
21.0,670.0,7.326666667,1.0,1,12,2,2.310344828,25.1,21.0,8.893047061442378,12.106952938557622
8.0,705.0,7.336388889,1.0,1,12,2,2.310344828,25.1,8.0,8.924267703181638,-0.9242677031816378
8.0,331.0,9.059444444,1.0,1,15,2,2.0,6.983333333,8.0,8.402039387262128,-0.4020393872621284
8.0,118.0,3.194166667,1.0,1,16,3,3.099320883,5.1,8.0,7.604727965899582,0.3952720341004179
26.0,482.0,5.929166667,1.0,1,26,2,3.0,17.26666667,26.0,8.62817300080039,17.371826999199612
14.0,140.0,8.131944444,0.0,1,24,1,3.0,11.1,14.0,5.111161867871222,8.888838132128779
4.0,11.0,10.21861111,1.0,1,6,2,3.0,3.883333333,4.0,8.56622696850176,-4.566226968501759
14.0,111.0,7.918055556,1.0,1,42,1,1.809384164,2.1,14.0,8.189600332770402,5.810399667229598
9.0,252.0,3.235833333,1.0,1,30,1,2.241935484,6.433333333,9.0,8.133964926100964,0.8660350738990363
1.0,247.0,3.234444444,0.0,1,30,1,2.241935484,6.433333333,1.0,4.396420954496538,-3.396420954496538
4.0,383.0,3.272222222,1.0,1,30,1,2.241935484,6.433333333,4.0,8.250819328129115,-4.250819328129115
3.0,28.0,4.299166667,1.0,1,28,1,2.0,8.983333333,3.0,8.010508822798096,-5.010508822798096
1.0,54.0,4.306388889,1.0,1,28,1,2.0,8.983333333,1.0,8.033701299513249,-7.033701299513249
11.0,348.0,4.388055556,1.0,1,28,1,2.0,8.983333333,11.0,8.295954690332513,2.704045309667487
16.0,529.0,4.438333333,1.0,1,28,1,2.0,8.983333333,16.0,8.457410009076623,7.542589990923377
8.0,624.0,2.311111111,1.0,1,10,1,3.0,21.73333333,8.0,8.93622835606606,-0.93622835606606
26.0,271.0,7.338888889,1.0,1,21,1,2.0,7.766666667,26.0,8.53535328595201,17.46464671404799
